[
  {
    "frase": "El poder surge en respuesta a una necesidad, no de un deseo.",
    "personaje": "Goku",
    "anime": "Dragon Ball Z"
  },
  {
    "frase": "Una lección sin dolor no tiene sentido.",
    "personaje": "Edward Elric",
    "anime": "Fullmetal Alchemist: Brotherhood"
  },
  {
    "frase": "Una persona crece cuando es capaz de superar las dificultades.",
    "personaje": "Jiraiya",
    "anime": "Naruto"
  },
  {
    "frase": "No importa cuán profunda sea la noche, siempre amanece.",
    "personaje": "Brook",
    "anime": "One Piece"
  },
  {
    "frase": "El miedo no es malo. Te muestra tus debilidades.",
    "personaje": "Gildarts",
    "anime": "Fairy Tail"
  },
  {
    "frase": "El esfuerzo no sirve de nada para quienes no creen en sí mismos.",
    "personaje": "Naruto Uzumaki",
    "anime": "Naruto Shippuden"
  },
  {
    "frase": "No tengo arrepentimientos. No es lo mismo que desear cambiar las cosas.",
    "personaje": "Haruki Murakami",
    "anime": "Adaptado en anime"
  },
  {
    "frase": "Una lección aprendida con dolor vale más que mil palabras.",
    "personaje": "Ken Kaneki",
    "anime": "Tokyo Ghoul"
  },
  {
    "frase": "En esta sociedad, dejar que los demás vean que eres buena persona es una sentencia de muerte.",
    "personaje": "Kamina",
    "anime": "Gurren Lagann"
  },
  {
    "frase": "Disfruta de los desvíos. Ahí encontrarás cosas más importantes que lo que deseas.",
    "personaje": "Ging Freecss",
    "anime": "Hunter x Hunter"
  },
  {
    "frase": "Conocer el dolor no da miedo. Lo aterrador es saber que no puedes volver a la felicidad que tuviste.",
    "personaje": "Rangiku Matsumoto",
    "anime": "Bleach"
  },
  {
    "frase": "El mundo no es perfecto. Pero está ahí para nosotros, haciendo lo mejor que puede.",
    "personaje": "Roy Mustang",
    "anime": "Fullmetal Alchemist: Brotherhood"
  },
  {
    "frase": "Una persona se vuelve fuerte cuando tiene a alguien a quien quiere proteger.",
    "personaje": "Haku",
    "anime": "Naruto"
  },
  {
    "frase": "Una lección aprendida a golpes es la que más se recuerda.",
    "personaje": "Zoro",
    "anime": "One Piece"
  },
  {
    "frase": "Deberías disfrutar el presente, porque no volverá.",
    "personaje": "Shouya Ishida",
    "anime": "A Silent Voice"
  },
  {
    "frase": "Olvidar es como una herida. Puede sanar, pero deja cicatriz.",
    "personaje": "Monkey D. Luffy",
    "anime": "One Piece"
  },
  {
    "frase": "Una persona crece cuando enfrenta desafíos.",
    "personaje": "All Might",
    "anime": "My Hero Academia"
  },
  {
    "frase": "¡Rechaza el sentido común para hacer posible lo imposible!",
    "personaje": "Simon",
    "anime": "Gurren Lagann"
  },
  {
    "frase": "Una voluntad fuerte puede incluso cambiar el destino.",
    "personaje": "Yato",
    "anime": "Noragami"
  },
  {
    "frase": "Quiero ser lo suficientemente fuerte... como para poder decir 'no tengo miedo' con una sonrisa.",
    "personaje": "Hinata Hyuga",
    "anime": "Naruto"
  }
]
